mes,Alto Extremadura,Arturo Soria,Avda de Moratalaz,Barajas Pueblo,Barrio del Pilar,Campo de las Naciones,Carlos V,Casa de Campo,Castellana,Cuatro Caminos,Cuatro Vientos,El Pardo,Embajada,Ensanche de Vallecas,Escuelas Aguirre,Farolillo,Glorieta Fdez. Ladreda,Gregorio Marañón,Méndez Álvaro,Paseo de Recoletos,Plaza Manuel Becerra,Plaza de España,Plaza del Carmen,Pza de Castilla,Ramón y Cajal,Sanchinarro,Santa Eugenia,Tres Olivos,Urbanización Embajada II,Vallecas,Villaverde
2012-01-01,58.06540783595817,59.49777994051011,58.94296889189468,54.2438547613575,59.69962305182344,57.32929668049776,67.8,45.41214904526945,62.67464762674774,60.173189457959964,60.913619524148885,51.30375337173192,58.00001423796564,58.73441357568229,67.09996215993844,50.00902625924725,63.06535390445009,67.41557094445248,49.12723021481492,65.79656491145268,61.04628555138752,64.89990749394843,58.20973221394209,62.90757923926664,66.49178559928939,55.55015739810958,61.79996372945691,52.07563149292015,50.94587454007114,54.340066360023464,52.200026700919224
2012-02-01,58.35960398928346,60.076661354063056,59.14453883654622,54.52667535301215,59.95235820962539,57.38904284232355,67.8,45.42302755481676,63.06314497055172,60.20226187964156,60.969766833452105,51.23389009623358,58.18181835336447,58.95337794243668,67.33455166474359,50.63695288453574,63.15624374069357,67.71400453509533,49.482144352147266,65.831805367651,61.05326842970714,64.85951922479468,58.859826830239875,62.92450344687397,66.92072385631641,55.39173213046285,61.96366222564396,52.05369835997331,51.01368974243984,54.6147724202705,52.545485669709834
2012-03-01,57.691197601551536,58.942766661446456,58.632005527500716,54.50366476394021,59.02712811139843,57.6028778475103,67.8,45.443797279268594,62.33318008202637,60.258171404455894,60.92441839170824,51.13409537409986,57.21817937787666,57.71861324904143,65.53455651118448,50.51698628186854,63.180682304775665,67.05351218887965,49.26584967650234,65.85757899191543,61.04634353384521,63.959519817746056,58.25080602437353,62.93625841240523,65.45658073377733,53.91246392184747,61.36366996755975,51.98012583558105,51.09566625576632,53.865965601054135,51.963663514060144
2012-04-01,56.919465200479834,58.11570955261649,58.455949629367886,53.6399094896473,58.61733582075482,57.53187060088169,67.8,45.471359306475904,61.4692341389066,60.27984454827766,60.648546437097885,51.08025343805689,56.618179282144006,56.90865434652996,65.47273587657803,50.66349224459701,63.1839663129638,65.78553267077085,49.57555373027832,65.86054846248135,61.06631887444534,63.8413456065891,57.835576410275486,62.95189582828118,65.2163660045858,53.014736858804085,61.23632845301267,51.956889343262546,50.745573103229134,53.460988600607166,52.75457216677572
2012-05-01,56.989720893602154,58.076518405562524,58.26548881845277,52.86226086698451,58.75781375785812,57.205715890573096,67.8,45.482645713411145,61.02172485376912,60.28065076634655,60.61699125298426,50.96979514730381,57.127262796172985,57.42343650872468,66.47273585431506,51.43349117515543,63.18669203975995,66.02833985640353,50.50956834388796,65.86331007010766,61.09669742076744,63.4275443006353,58.66363545876302,62.96137686999837,65.76305770137981,52.88982587085754,61.49999160811977,52.14339143371641,50.593520937808314,53.877337470288595,54.00911614528374
2012-06-01,56.969260488106194,58.413612705202524,58.39110802818816,53.25178359291197,59.408295680211076,57.16871532887251,67.8,45.49581925627703,61.204559102220486,60.29342473569268,60.34594693854449,51.16074226342394,57.815145824633255,57.33228862905763,66.62121897123984,51.33571854003947,63.12095439300076,66.16990507122,51.13345043732375,65.83787836520013,61.11012675606768,63.82450356988161,59.430585335351076,62.99876310129839,65.89487672964546,52.972657685053015,61.784817749988925,52.36280791793865,50.59637172517266,54.4688937774702,55.03942708760533
2012-07-01,56.80525321997175,57.68075147597095,57.53764329451049,53.10088925331273,59.15067258941421,57.21466496376713,67.8,45.51386106371426,60.66689764617129,60.29768774626497,60.51108142849057,51.721771542836436,57.67878832437774,56.3273079436997,65.36667297462097,51.058777468594606,63.01539214619063,65.76178628992233,50.90024619579148,65.78622687963612,61.03081027777888,63.615427039079954,59.32306523569654,63.0027754702854,64.88332159829032,52.27633497256792,61.648507092877466,52.57659362173644,51.169968166096695,54.4940706552486,54.1212373376507
2012-08-01,55.34761594074314,56.37025733594017,56.310089773676786,52.14541915181559,58.301145139652185,56.544532226448624,67.5,45.53572245307711,59.6529666089216,60.26178023641437,59.658878499971706,51.94676408798406,55.606053985397004,55.231092848681286,63.721212228420995,49.850707404094024,62.85977548133822,64.61744901202879,49.40876627153958,65.6331909980616,60.792804941667626,62.96997008980152,58.18947877432274,62.99474771558255,62.66293808660177,51.00034621530319,61.01213944392993,52.32238147143288,51.09518217301415,53.3516755202626,52.86669442631144
2012-09-01,56.900659132348345,57.87717433911684,57.92287183792051,53.21804225707122,59.716414597810854,55.5139459471916,66.5,45.55636522854634,61.29787322335625,60.17530902695779,58.7106074749901,51.844008347747724,57.13000825034942,57.16046143815277,65.2999925263026,50.760595309452825,62.61161364951072,66.50933282667613,50.001584093388985,65.62386762819729,60.80674029925083,63.85029045638061,59.44667297233591,63.00880023842672,65.06425677007977,53.42494113397351,58.200042350884914,51.735890844717346,50.78930201688793,54.38214728502185,53.40002883320696
2012-10-01,57.223571462349696,59.02815209162678,58.52963554716483,53.52753387641839,60.48136997352141,55.85906486567454,67.9,45.56480157626088,61.83406771251465,60.20029666587948,59.41871261624653,51.971886427765746,58.13000872029367,58.14169683877052,65.99999544178566,50.41842882337836,62.5926393290939,67.12505758446729,49.61297282610333,65.65719689422347,60.870864060348225,64.47030606449877,59.41892368483824,63.02271223604245,65.99627678914594,54.74121591466793,36.70005382542861,51.81248249974932,50.83800912945725,54.52367999623215,53.19002641762522
2012-11-01,57.79145707547808,59.71060290889948,58.78036308244378,53.900477513126994,59.82150371159038,56.29339216268845,68.8,45.569153560498265,62.35066444895521,60.2322847992443,60.31654941568628,51.77135254937963,58.080006450106076,59.03987914925683,66.4679938822752,50.37535524318486,62.67889064314794,67.53229976643185,49.32705513856656,65.73019311162784,60.926651732502954,64.56031332586444,59.10430171648214,63.03948511368203,66.54892586815295,55.59999062507868,64.28996208560211,51.89586257482202,50.38128511249606,54.86796823930261,52.470027246071126
2012-12-01,57.88524263588091,59.82555379685427,58.87054950738324,53.5381992443178,59.973946843510056,56.47070490574749,67.6,45.56746202489328,62.406724879340764,60.27499340727452,60.8257922954902,51.68594146302232,57.67001685070404,59.17001945474705,66.35300352540267,50.59677605303266,62.81847923381279,67.54033258065611,48.97776768414876,65.79107959381389,60.96218700727757,64.75549843230431,59.07803264305714,63.053090262545204,66.43395092108744,55.719989728325565,65.1199393810153,51.89706242812363,50.47751966299779,54.57093008186047,52.49002434470875
2013-01-01,57.64101498611028,59.335476806773286,58.623546560700916,52.8556992471282,59.5127685347056,56.20095818873587,67.3,45.56878740464435,62.1869375051127,60.30799367098354,61.06902730342157,51.43617492652719,58.280006758550776,58.84176033719777,66.63300138737995,50.17664632045352,62.98533776406461,67.0895606976172,49.441497753728264,65.85470402224692,61.00610269633149,64.79549715348578,58.12802057673842,63.07155935991975,66.10447383549813,55.62698310926395,64.29995373373147,51.75291432396778,50.53141101127876,54.119799273283704,51.970024753913634
2013-02-01,58.00040649592185,60.328263724512816,58.82631072866222,52.91842670987809,59.71006240589529,56.51562282267831,67.4,45.5700995305979,62.594943253782056,60.347673924144196,61.67415955619755,51.33585469342593,57.981818353228,59.003830920348975,66.9345516647436,50.77218683421426,63.14083034417362,67.4457745956518,49.82899022627359,65.90687474068963,61.031309345808396,64.85951922479478,58.799920589466396,63.09084376632055,67.10897762113491,55.69703398493672,64.76366222582598,51.969569170017124,50.51759016631611,54.41011334613293,52.74548566970983
2013-03-01,57.40932788259251,59.457599894233105,58.3159597006956,53.15696303732619,59.050557251496095,57.0701548347409,67.1,45.56239853529192,61.88770643392753,60.40176696717843,61.625955844669136,51.32760811393796,57.21817937782155,57.79532614866024,66.03455651118448,50.67947474561699,63.23588918566411,66.83832914764871,49.442894118461375,65.95539350884135,61.014239130853305,64.05951981774616,58.27008853254017,63.10793532865735,65.65634580917116,54.366970498153734,63.86366996771674,52.065394110712155,50.50985049313702,53.6614462991407,52.06366351406014
2013-04-01,56.689963756227165,58.815422833844735,58.141064260832444,52.27028950546234,58.62928468220463,57.11560064258158,67.3,45.568774549939,61.04557943673176,60.40969628849129,61.5440845456342,51.27525824773223,56.718179282129576,57.10370940935083,66.07273587657804,50.7599467176729,63.36578802410121,65.62180512083307,49.799321284294656,65.96551596322246,61.025388043842376,63.8413456065892,57.8645450174808,63.119855975370776,65.22036130613793,53.656067448694216,64.03632845319468,52.10442981860563,50.81351627615673,53.25060487775113,52.15457216677572
2013-05-01,56.78087457933219,58.6323693118512,57.95075230360178,52.33957747600621,59.00890767719752,57.14514041767803,68.4,45.57908680443961,60.59501633968127,60.41330843695164,61.51542959097197,51.372948850753815,57.52726279628059,57.409112388250485,66.17273585431505,51.56041146369083,63.388604060004,65.75852413295308,50.68630422737811,65.93992984579688,60.996087598142864,63.22754430063536,58.689127833106376,63.12765741561707,66.2531376075872,53.56995687225305,63.99999160827676,52.335145171209994,51.15956911464777,53.69726525911824,54.209116145283744
2013-06-01,56.77921034212053,58.79865517650728,58.07151887848684,52.86785406004561,58.997353579074165,56.77934127149072,68.1,45.58929593639522,60.77491892869614,60.38477609947357,60.85540035684019,51.56317061508044,57.21514582433407,57.27255629243475,66.02121897123983,51.399607733237325,63.32254136980332,65.92618381946674,51.01502668508841,65.90213475659111,60.95759621038429,63.024503569881546,59.30901862476719,63.1333808414609,65.61067832773557,53.61076903624,63.88481775011254,52.2959530715591,50.78135870420275,54.297223732634954,53.83942708760534
2013-07-01,56.587307587124776,57.78497356109443,57.207250036301666,52.79604941957172,58.647092117834376,56.54157182646897,67.2,45.60840297703127,60.21844307958793,60.36538505549463,60.559390124894065,51.89364137361194,56.77878832395652,56.0342337454869,64.96667297462096,51.08749440426418,63.21670933693675,65.52837667573533,50.560823469403346,65.84598532362973,60.87210870303433,62.71542703907987,59.08408653037211,63.134047033046286,64.77963763026713,52.818729621080685,63.248507092959336,52.384126680806965,50.833560874353545,54.31855071175841,53.7212373376507
2013-08-01,55.1312854148524,56.56845282025708,55.98200044804888,52.4876604465862,57.554319099146475,55.93202168720482,67.1,45.63431894726095,59.190450225001555,60.31476965327484,60.13078654371292,52.35510385768119,56.506053985708,54.88134797552123,64.12121222842099,50.01829781988985,63.0948687496575,64.38504168626936,49.65432418118088,65.70976635097566,60.61573457163986,62.469970089801514,57.84717751363111,63.11970656271582,62.660864407283924,51.49138166654765,62.812139444028496,52.18572994337295,51.52279408963798,53.175421175077126,53.16669442631144
2013-09-01,56.71279835378777,57.788235991066394,57.59206340555269,53.499119795097954,58.698533317152936,55.11581409668314,67.0,45.65897575778834,60.809857494793015,60.17817886714384,58.94077529029951,52.06642997041452,56.33000824996888,56.62508134776746,65.2999925263026,51.010765566219234,62.874741062215726,66.26889772068982,50.22982999736638,65.68808270640736,60.600689077326685,63.15029045638056,59.025447862914234,63.12350949708866,64.96621529650994,53.782321267517396,60.900042351058595,51.435868259794795,51.20476469019727,54.22618057019194,53.50002883320696
2013-10-01,57.06161815385959,58.83790415063229,58.19613519912238,53.60174807309102,59.570250520385876,55.425279162844035,67.7,45.66538600021046,61.31757261309393,60.13905171245809,59.75927135160483,52.14315107721918,57.13000871983177,57.46606819628932,65.79999544178567,50.77896293848213,62.86203508163905,66.85583553165537,50.09648528657005,65.70991691695885,60.65259949727422,63.87030606449873,58.928245588529926,63.13627440211777,65.89631595969054,54.95498902817328,67.00005382790586,51.5414664644543,50.894668226510476,54.38139228284714,53.19002641762522
2013-11-01,57.644079564752076,59.659673979602125,58.44419773788154,53.77077960523104,59.013832790491264,55.97643145584862,68.5,45.66673214020835,61.82682915351132,60.13748964395977,60.630744973061695,51.97222632945877,57.58000644984757,58.35133368729056,66.1679938822752,50.73486669135483,62.93648911776041,67.25315437519062,49.8928328640568,65.73722273277173,60.68476156262857,64.06031332586443,58.57650499172393,63.15291165809659,66.54692665160648,55.70669777156082,65.38996208564225,51.70344118976256,50.45701420684587,54.738949157319155,52.970027246071126
2013-12-01,57.733129101120255,59.60707075362802,58.53174581626537,53.5932714368071,59.268034673749504,56.3346804463016,68.6,45.65806481880627,61.863842995714634,60.131990058201374,60.87076074057159,51.771614273683255,57.170016850445535,58.42240308762279,65.85300352540267,50.90950615194367,62.964285967741134,67.24556155115613,49.40454987395645,65.79061714147771,60.73874255948686,63.855498432304216,58.5415715252959,63.17038254151563,66.1399109367198,55.76569080284203,64.71993938093026,51.673443244731416,50.56392795583369,54.451781572336515,52.090024344708745
2014-01-01,57.51159166947812,59.36586562443701,58.289130906496574,53.532090396870906,58.956753328127725,56.357542290096035,68.7,45.6564841706182,61.63777089683164,60.13071045587331,61.14976625920005,51.57114299073611,58.98000675878042,58.43738064464931,65.73300138737996,50.5145035999313,63.072357353225144,66.803632799031,49.174102711406924,65.84727394157427,60.82470602675357,64.29549715348577,57.57193479311372,63.19167871610047,66.88259303606539,55.635829022616704,65.09995373374659,51.594144703759305,50.623799655266865,54.01022521904547,52.27002475391363
2014-02-01,57.891631277786566,60.44006590965077,58.49423923099818,53.34696966524903,59.23049465054057,56.72240248856242,68.8,45.645919328912015,62.039743309832204,60.14948203763838,61.50741819072002,51.4627801028668,58.18181835325425,58.65477246485115,66.33455166474359,51.08743872622415,63.21305660317687,67.16542453400292,49.511205300032316,65.91396476566408,60.9124942432756,64.25951922479474,58.2505650998594,63.21476192893947,67.9085400054067,55.67455301126989,65.5636622258411,51.914842739669105,50.43732780694945,54.31582651352185,52.84548566970983
2014-03-01,57.355342434089415,59.80373703062704,57.99020891800783,52.92823252186799,58.60997769626518,57.51956161756557,69.2,45.6364601356229,61.342714487735684,60.187502756132844,61.827596366752005,51.49434067920744,58.01817937809187,57.896268674576284,66.23455651118448,50.97373131596588,63.3808369806368,66.56938958787617,49.43586746419334,65.9339872320676,60.923869991649774,64.1595198177463,57.71465570171213,63.22461430965007,66.75033705719703,54.40786167054445,64.7636699677402,52.316538345165064,50.42090357189169,53.59698807150795,52.36366351406014
2014-04-01,56.61383699808938,58.70741414481039,57.81757098597273,52.61291311168287,58.25758910903686,57.512715051417615,68.2,45.62909553426667,60.47038716838759,60.18800264588753,61.0296587283632,51.44964232298973,56.818179282115146,56.99215239653136,65.37273587657803,51.08035525917,63.35009469392854,65.33993374767707,49.75696475864928,65.87560812582286,60.8947668927353,63.64134560658926,57.20776412636647,63.22836816655357,65.92824113133398,53.64582494523865,63.736328453117984,52.36974222506719,50.32370600025935,53.248080396947366,52.75457216677572
2014-05-01,56.6665992294268,58.14420479349293,57.6244939614876,52.27687293154674,58.47634293488196,57.05326478342145,67.8,45.627804578924,59.99483176207086,60.144482540052024,60.16538055492712,51.415224588702095,56.22726279569666,56.82668059222525,65.87273585431505,51.83638331469259,63.273578595960686,65.60210890117638,50.54604318147622,65.83531555701526,60.85644719667971,63.127544300635435,57.99116064888487,63.22908448488804,65.67929520397837,53.381250744294825,63.5999916081917,52.37851697979771,50.31327536014524,53.697816512738584,54.709116145283744
2014-06-01,56.621219773706606,58.112809626868206,57.74652311979243,52.70311246969644,58.823745560493236,56.75462210922394,67.7,45.63252653313476,60.1507417341901,60.094703238449945,59.66788319422449,51.549722933300615,56.91514582415693,56.73381334830281,66.02121897123983,51.66872156487056,63.14207023464736,65.75646104461376,51.00406483663056,65.7768434680242,60.823109061111346,62.8245035698816,58.58680750265485,63.22979364003916,65.7952014797567,53.42036882746957,63.584817750035825,52.32674705565638,50.483434201681334,54.29475844864669,55.33942708760534
2014-07-01,56.4165361698681,57.284333875330354,56.88850423519534,52.57314671308165,58.46055202835811,56.595504370995556,67.2,45.64420126780341,59.58723297286214,60.050915108911944,59.948759117978575,51.837286658641474,56.678788323860736,55.78102456174486,65.06667297462097,51.31600153093731,63.03291829475731,65.35474558412784,50.40202712336173,65.7084644252625,60.742104883166874,62.915427039080015,58.30454074290658,63.22849570363877,65.07732809343163,52.65688944363427,63.348507092916016,52.318990409516026,50.97472315294155,54.32215938628979,54.1212373376507
2014-08-01,54.96688342514885,56.11612018358095,55.67244210495028,51.50060590385271,57.704183653513574,56.10707784114712,67.7,45.658759255125375,58.55648852254476,59.99687850455546,59.7220656912925,51.96671072715394,55.306053985164745,54.86833965916247,63.921212228421,50.14088400706061,62.925322184648564,64.21361952739873,49.32787044663301,65.53287191549413,60.502631248355186,62.36997008980159,57.08917722066244,63.20121074660238,63.25481821675179,51.33881751571692,62.712139443968475,51.93648319075638,51.07384496564727,53.163921589372556,52.76669442631144
2014-09-01,56.52719254315754,57.50502302011185,57.288600645888906,52.67849870572823,58.57896423988016,55.089600596745626,66.1,45.674171662574125,60.19325426043448,59.86900336437324,58.27772299195237,51.76736725990853,57.03000825019852,56.724967439078874,65.2999925263026,50.990103626370555,62.70001741325831,66.10261822655502,50.1414286819474,65.48157088140954,60.55428918606901,63.15029045638066,58.250407605091425,63.18619863913635,65.17409437279898,53.62264173929587,60.80004235099858,50.99790306543703,50.73335318076247,54.203025972058505,53.70002883320696
2014-10-01,56.8837168661861,58.594633405763695,57.89770706705695,52.74699405213487,59.41127029097676,55.65324038788465,67.6,45.67842994594838,60.73363350810975,59.89424322979831,59.26720304718333,51.82087279012957,57.33000871985802,57.72501465920573,66.19999544178566,50.70626546379893,62.717014453004396,66.71254442236743,49.73767647100882,65.42686091971088,60.63823159188004,63.37030606449872,58.19821016163821,63.177336652744984,66.48847354142042,54.84926142918199,67.60005382790428,51.085511176460294,50.630677781226986,54.3529323226577,53.890026417625215
2014-11-01,57.47318939296918,59.245173192200596,58.15075388713655,53.412569813293786,58.88375287349261,56.229606252125016,68.0,45.68264564648889,61.270247612726486,59.93447350060638,60.13352106651416,51.49407204839977,57.780006449873824,58.68503852486133,66.4679938822752,50.68296804153286,62.74812199599364,67.1051619991593,49.55637139840714,65.44598065533111,60.73726148493564,63.76031332586447,57.95807381606081,63.174563286217534,67.04876980342063,55.676829312426,65.48996208559893,51.23471293528681,50.705179557487114,54.714342995935404,53.67002724607113
2014-12-01,57.60461904479785,59.43953034426441,58.245236404029605,52.873091855393646,59.152693916080196,56.604244063881254,68.4,45.674819190024,61.3575247165612,59.989094560582124,60.56673237327995,51.242435477267826,57.47001685051247,58.95024436128114,65.65300352540268,50.84292258283253,62.87594125667472,67.12600894644605,49.157943765253464,65.48476200945794,60.84941749189401,63.45549843230423,58.1053520907351,63.17281765335536,67.03194780004164,55.702802612586794,64.91993938089529,51.253646184053636,50.39490055219279,54.421913595794265,53.090024344708745
2015-01-01,57.38564751822476,58.94274461163454,58.00648658838465,53.16458803545164,59.53492954171637,56.567758641522815,68.4,45.669070998123765,61.15570534884438,60.02553077815884,60.71835633064798,50.680675317496224,58.78000675864395,58.95046604326882,65.93300138737995,50.503157636515404,62.84603124304002,66.68466677248634,48.90720692401229,65.49982866879589,60.93399321794779,63.69549715348575,57.30806169071347,63.171089476821805,66.90043377337986,55.537374060914075,64.99995373368655,51.03508879067808,50.57314430922796,53.99025328179949,52.470024753913634
2015-02-01,57.73202210014601,59.54804298287091,58.21142135606736,53.35249331924097,60.113364519470785,56.71904311698983,68.4,45.65738028814253,61.560960383764424,60.05650954703248,60.90142471572679,50.3401199944721,57.78181835303643,59.21392260220241,66.1345516647436,51.150150902406786,62.906205931723214,67.03802748824305,49.15572991184742,65.52784066198018,61.00757409961457,63.65951922479473,58.042356769726254,63.17537858205359,67.32089682003648,55.47086629381675,65.16366222575604,51.25691304138144,50.628960813167666,54.281453734393246,53.045485669709834
2015-03-01,57.192098082436495,58.763885108564835,57.70521922182418,53.06038100466121,59.25624132941959,57.02737802604339,68.3,45.632806485261106,60.871082878710595,60.10624916515118,61.03049865050438,50.146892395743514,57.21817937771133,58.371069239131444,65.43455651118447,51.02509986626143,62.95615092333026,66.43981445348012,48.91147272351765,65.53989181564157,61.04558946666468,63.55951981774626,57.5194323711926,63.17262479623305,66.3465841934231,54.174727960703436,64.66366996768016,51.501408259380824,50.484218055373894,53.5426464757532,52.76366351406014
2015-04-01,56.501284638085245,57.92669114532342,57.537431186749934,52.688237746877235,58.8321835619456,57.0877957169282,67.9,45.617478420408496,60.029620823723526,60.12199919854513,60.29567452767653,50.159107144722505,57.21817928222275,58.01030866187244,64.97273587657803,51.18986206349687,62.91260526636412,65.21724586734088,49.165840019429986,65.51609938854666,61.05266283599827,63.3413456065893,57.083967595542006,63.16589854827072,65.92016607409948,53.44766129187134,64.03632845309134,51.52999986416039,50.57916211100938,53.150369049065255,53.45457216677572
2015-05-01,56.57317658182302,57.642228833729305,57.34715556025572,51.67480797360287,58.91638610586542,56.987067216003325,67.4,45.60830363620441,59.575696071193356,60.11711923060332,58.99848608468678,50.12251250143633,56.927262795926296,58.365214036935804,65.47273585431506,52.02244492112144,62.859462371082216,65.48910165722985,49.83754584315879,65.4799724313484,61.071816667318494,62.62754430063543,57.90621970172387,63.15523956278801,66.07113370298333,53.107811638931885,62.09999160801484,51.579299903553874,50.19233078216526,53.56703650529294,54.709116145283744
2015-06-01,56.554205164387156,57.803782127802414,57.47495810257362,52.101935443656274,59.1951675776948,56.536593690402164,67.2,45.60222059984237,59.748371470947696,60.09243446137919,59.38947012964037,50.30133462610598,57.11514582418317,58.304924067317025,65.52121897123983,51.89119533309808,62.73035376799824,65.64684401797,50.33679648687261,65.41370769448734,61.027813833900424,62.8245035698817,58.62005946914618,63.14102050049347,65.80303824978212,53.12794558790854,63.6848177499925,51.643302931523245,50.151705238012546,54.14990184142441,55.639427087605334
2015-07-01,56.37955287538741,56.739639575836335,56.611654868151135,51.657142474886136,58.42131059046424,55.98711923209474,66.86666666666667,45.59619839384395,59.18895752014944,60.04340374959069,59.11464787870746,50.30869432876827,56.24545499029602,56.7844465996817,64.1000063079543,51.57201223720199,62.58919362743853,65.24141706829242,49.32965407984583,65.3194148225399,60.92886470216004,62.482093705746685,58.37380247343645,63.1232769621552,63.70548482850255,52.24332969001345,63.28184042619212,51.3697450813815,49.908954933287035,54.13864847728418,53.154570670984036
2015-08-01,54.95422862717143,55.3048791477497,55.38536123157185,50.43381682140393,57.12883718685437,55.37329416752824,66.53333333333333,45.590236409905515,58.15414408794055,59.97100093294039,58.60679342421428,50.184027966484905,54.63938731817178,55.28694801699285,63.38787889508765,50.393514507087666,62.43803071077399,64.08969086703142,47.497665826317515,65.19905578496211,60.78211229087923,61.90330342313493,57.14612754351855,63.10204419253365,61.071381350903124,50.76229172513575,62.578806110572344,50.85651900778087,49.55301476264074,52.93291600763711,51.533361092978105
2015-09-01,56.632676676998116,57.08317768156038,57.006390581247636,51.554428928711296,58.628537541883965,54.717641208893355,66.2,45.584334045806465,59.82300360321447,59.876160895622775,58.017377698475,49.95770153419338,56.6300082499807,56.86871336725918,65.5999925263026,51.353583524369625,62.2785654899424,65.99440742599488,47.866701817346446,65.19212188001477,60.83643769306494,63.05029045638074,58.456523889213585,63.09802375060831,64.64042563538017,53.012594817293184,61.20004235098029,50.17312849552441,49.133688267078824,53.93395055777513,52.00002883320696
2015-10-01,57.033707427981035,58.37527382971079,57.620319103063764,51.977274279235004,59.730552674998705,55.37646678578068,67.4,45.5664907053484,60.36219287717855,59.897114459797855,59.11108219446625,50.17443018132891,57.630008719924945,57.845575245450505,65.99999544178566,51.057735619812455,62.28220935665219,66.616579945806,47.605345814953516,65.22067334841373,60.922700792966495,63.67030606449888,58.43959249167861,63.102043513102224,65.98780016657918,54.33072154547897,67.80005382786929,50.58692123182233,49.16286542956414,54.06192917080283,52.79002641762522
2015-11-01,57.61868080420259,59.17910621269047,57.875139802783934,52.45782954271768,59.3895868893438,56.08470341075744,68.0,45.55582579829492,60.90166460703256,59.94122988140594,60.07887876806319,50.38731123962326,57.88000644985939,58.688702000396376,65.8679938822752,51.00031830623122,62.38723376602131,67.01507645692173,47.5503263916489,64.96722621402476,60.99774968988085,63.96031332586461,58.23049026651967,63.054523077971204,66.45075633580447,55.23607041127341,65.88996208558063,50.96771407459386,49.267204640555924,54.402069938636174,52.77002724607113
2015-12-01,57.71901622902026,59.26117551491677,57.97237846052097,52.8018899011839,59.704669264164295,56.65005721699234,68.05,45.53626754031197,60.96368503109502,59.9875806861497,60.48260756882212,50.48222965450991,52.67001684850478,58.68696619478257,65.35300352540267,51.231278751130205,62.491404025797685,67.02212597047475,47.61019586106055,64.45152037904303,61.05004223019634,63.7554984323044,58.32107856715902,62.95597784719149,65.94198753043634,55.335657546615955,65.16993938086448,51.267076992961634,49.67763459871132,54.09800873021402,52.690024344708746
2016-01-01,57.47174895586718,58.80200010043228,57.73235722431083,53.03800292154236,59.57143696923927,56.73753719104502,68.1,45.52690486490884,60.74961925079684,60.02407745870371,60.68891264908774,50.302316833972625,49.78000675492776,58.9857253050145,65.43300138737995,50.922570893455266,62.57786534141208,66.57790028580496,47.68160322341208,64.55991395251003,61.12153674027082,63.59549715348583,57.44990098994491,62.96341806871958,65.80063456773208,55.18030075484498,64.89995373362655,51.218624665002764,49.907475375278345,53.64306556218665,52.37002475391363
2016-02-01,57.828374408400634,59.66685583708082,57.94203328563341,52.893339804300645,59.837983307507464,56.89939917417926,67.9,45.51263581625976,61.16711772963879,60.07911436035556,61.41111942718071,50.25578396215892,58.38181835322539,59.44249445522291,66.1345516647436,51.56371870574101,62.73462823337202,66.94496399615984,48.47185561747414,64.66071997583433,61.196736964035615,63.859519224794866,58.191175353016355,62.97378388803238,66.90690083585423,55.18235398366076,65.8636622257628,51.474223512151966,50.12418621015587,53.94168164636879,52.94548566970983
2016-03-01,57.27977868294822,59.06566779282325,57.442525032095446,53.35766350116049,59.1157969113183,57.42460946321651,68.2,45.499509458097165,60.48899393075,60.14394978594133,61.66389179951325,50.31195365086237,57.81817937790029,58.902498010051175,65.43455651118447,51.53566764492926,62.84774143369877,66.36154286616386,48.75347066100626,64.67746957752593,61.184161158710985,63.75951981774641,57.6983927245033,62.975046049152056,65.84830427364723,54.00449249707246,65.16366996767023,51.8296986936279,50.64154427768729,53.21906755036949,52.963663514060144
2016-04-01,56.54507398455092,58.131618141226404,57.274363938916636,52.85768876986898,58.613556908713946,57.310996151090734,67.6,45.48451436351619,59.64681543368136,60.16219179450368,60.972362129829634,50.26320431116403,56.81817928200493,57.73008018420469,64.97273587657803,51.664087947947,62.83962538996998,65.14432242767624,49.06787874067307,64.74204670709912,61.23822020807856,63.141345606589354,57.28945270647852,62.98029558866053,64.93020047547816,53.272961147769905,64.23632845305637,51.8210860724758,50.62326479550488,52.812497491443054,52.95457216677572
2016-05-01,56.640024887106776,58.27679087166882,57.094718984900716,52.50239505674122,59.09888651271728,57.51714749820897,67.7,45.47866921988103,59.23220289675287,60.20370412272353,61.18532674544037,50.45566731959631,58.12726279635933,57.915506652431894,66.07273585431506,52.5654675234809,62.90088907367508,65.44836592072551,50.19480985033053,64.76010343760218,61.259251581028344,63.22754430063566,58.183046599336585,62.98049263277393,66.54133439118185,53.22931651645168,65.09999160821357,52.19197111145782,50.83302828548274,53.2573010943994,54.60911614528374
2016-06-01,56.624037122195375,58.4217543875624,57.22904589296818,52.61666008104011,59.386242785189246,57.51114587383583,67.3,45.46888252768222,59.434618023484795,60.21555595781459,60.80486436090413,50.60386383608916,57.9151458244535,57.45756159660006,66.12121897123984,52.49730787117927,62.83273793115031,65.63433035353474,50.482300171316886,64.76289619697003,61.26454887549466,63.024503569881844,58.86366713901379,62.9776877064462,66.10644226367172,53.29122473378641,64.58481775001593,52.194299489135055,50.59849583987034,53.84345849285768,54.739427087605335
2016-07-01,56.4280999569929,57.444985151053075,56.378201780642016,52.308868851535024,58.79642561295307,57.262244817993285,66.9,45.46319370240539,58.895754210585075,60.214933719502,60.93170252631644,50.94797515378866,56.97878832387255,56.015186238444606,64.96667297462096,52.144621087990366,62.69117248285475,65.25127881378914,49.850533030869315,64.73749346318213,61.19115752168035,62.61542703908015,58.69217722292304,62.968910829381734,65.08355290919798,52.502116964011336,63.648507092837725,52.25395263728589,50.81915767032739,53.85439842917445,54.3212373376507
2016-08-01,54.959406471432494,55.52765884698566,55.15724267493966,51.521967522782106,57.58147918165701,56.54045913169563,66.7,45.463561765381336,57.872668910758804,60.17433637072192,61.30109588421075,51.304940868417276,56.106053985379965,54.766395647211354,64.02121222842099,50.95760219601842,62.488673160769444,64.11325676019527,48.263944109288786,64.62286892075939,60.984307043861904,61.86997008980168,57.51429732310528,62.949221721087916,62.07894271283398,51.02726090804597,63.11213944389852,51.60030637247298,51.11872829538334,52.67719346097068,52.66669442631144
2016-09-01,56.52038851527566,57.05502312525157,56.78255321018513,52.561674828516146,58.76138495923331,55.756298435602154,66.3,45.46292614772752,59.54478743311996,60.06336291589304,59.480383559473765,51.0278044686813,57.330008250210334,56.412053753461805,65.3999925263026,51.81816151961974,62.25259872343864,66.01426634235492,48.493794352790886,64.61426809630623,61.01234712815986,62.95029045638082,58.7805132952245,62.94672950387704,65.54257686290708,53.14781862277307,61.50004235095367,50.49821752445582,50.494487845414675,53.67089968750869,53.00002883320696
2016-10-01,56.85052520081359,58.216633460421754,57.39872010571226,53.024404442134475,59.79830485784687,56.2265939831414,67.5,45.44429688625025,60.08710535388783,60.06882839925731,59.883134245815825,51.20540944088461,57.730008719910515,57.31294522696566,65.69999544178566,51.475858180525826,62.24365694045407,66.63584309464783,48.03214318693025,64.66226932956481,61.08874200149908,63.570306064498965,58.74870316897988,62.948262208838266,66.20184319123105,54.37066178013494,67.90005382782599,50.70173444236363,50.36491319343222,53.81876982664438,53.29002641762522
2016-11-01,57.4069849774802,59.000613220640474,57.65475679540701,53.87169373560823,59.326140502596374,56.74228608904191,68.0,45.43385391738775,60.62958058467344,60.09007526328702,60.739096986035534,51.13516526948115,58.08000644988564,58.22636589170844,65.76799388227519,51.38680010394082,62.32123526057688,67.05176171129636,47.73894076227568,64.74191047649528,61.1552055413042,63.66031332586465,58.52650766254172,62.961779586749884,66.65103719639511,55.18001961072575,65.98996208553733,50.933231454078175,50.16035138832205,54.18420537480248,53.07002724607113
2016-12-01,57.5533730267029,58.92835915905853,57.74819928321654,53.86579249114109,59.770311606923116,57.28748595787724,68.6,45.41451537821388,60.72648436963028,60.14647225275554,61.42868394511244,51.03507725750049,58.47001685080904,58.73466822369925,65.75300352540268,51.519990428940865,62.487625266278805,67.09221066723359,47.72713677084823,64.83697674314061,61.20002882093465,63.7554984323045,58.629573875673415,62.96616179088239,67.02399314798531,55.33301436615224,66.91993938095887,51.2715943323955,50.48579677746035,53.910680103295334,53.090024344708745
2017-01-01,57.330013641758406,58.72493559548915,57.51541983878177,54.203427397818814,59.65391456404626,57.3268658726202,67.9,45.40937022443174,60.54990661579073,60.18061336264531,61.54003938078935,50.86600948827538,59.18000675869644,58.63714525860529,65.23300138737996,51.20090592190184,62.625728971011405,66.66088244169647,47.86810658748317,64.90438837112077,61.21302507421314,63.69549715348595,57.613376861440294,62.97250017297357,66.41027468029189,55.22305405146397,65.69995373364165,51.48283197600081,51.0200461953778,53.48535679407553,53.27002475391363
2017-02-01,57.672395272561666,59.38678229449187,57.72526527395959,54.71863175582661,59.83104688085903,57.38746281720313,67.9,45.39527652218742,60.97539360003292,60.21338882813949,61.51401378327627,50.62082730597204,58.581818353251634,58.8546618334105,65.53455166474359,51.832499528335234,62.689355045939465,67.02695668737407,48.28348770319776,64.98808118514232,61.28933181456543,63.45951922479488,58.383034119905695,62.98377517124383,66.91909363815192,55.15869428579555,65.56366222568609,51.51681070296057,51.231225869411574,53.78870414130101,53.94548566970983
2017-03-01,57.11983766933475,58.7760295506382,57.22792470053622,54.69907991353667,59.25925933372759,58.021850831182036,68.2,45.39632375696554,60.32893876632837,60.26485327501391,61.95990482414669,50.75403702559848,58.718179378211296,57.990216677799204,65.43455651118447,51.95536607936853,62.827164688129756,66.4440757766323,48.40868255415224,65.02391550218236,61.31671867867192,63.659519817746485,58.04722843938033,62.98793741953139,66.1425481298163,53.90938175387458,65.6636699676603,51.975935599102,51.921486486870485,53.06467937045374,53.76366351406014
2017-04-01,56.399527662162704,58.02900625543823,57.0649096106759,56.58929612498068,58.83372274414269,58.154203040268314,67.7,45.41536051939589,59.521162475836654,60.28625914401336,61.79096668845135,50.78760850971083,57.91817928239728,57.301307958046195,64.97273587657803,52.234316570476366,62.873546691147695,65.23337935090257,48.8541101144256,64.9802414170296,61.24954525044457,63.14134560658946,57.68042813560699,62.98105804533608,65.42608535277947,53.17711701607123,64.53632845302974,52.09891427536242,52.30803243264747,52.68074095692478,54.25457216677572
2017-05-01,56.399577733733466,57.359432690894934,56.877359199940585,57.63941124922206,59.701171088785934,57.57523197617441,67.0,45.42820691420193,59.067576057221935,60.24680877825282,60.75683834095797,50.76745855247734,57.3272627959788,56.86598370613724,64.77273585431506,52.954866678642034,62.75904375365259,65.50775113621964,49.492273302052986,64.94662451783753,61.25610436788678,62.42754430063558,58.56310497692683,62.97824746488272,65.37525208845419,52.78784900448417,63.999991608070076,51.867229135507316,51.73249816228259,53.111497255916674,54.60911614528374
2017-06-01,56.39623021262565,57.800728133483794,57.017859705856225,55.630759310795675,60.67340791898426,57.47890078451336,67.2,45.42492484505991,59.276576257535076,60.23293642712271,60.65489341933529,50.98194308540755,58.21514582452042,57.75928581184163,65.62121897123984,52.776739869982364,62.68100631553165,65.6829340125294,50.00872751138469,64.9363608015889,61.274810800061495,62.92450356988192,59.31811851129421,62.97646499023389,65.98512061762736,52.8109773486058,64.28481774993922,52.050732686210196,51.322198970878254,53.729028769529435,55.33942708760534
2017-07-01,56.27479566928445,57.026051498861754,56.18612745539839,54.62890541253349,59.50187983118853,57.41628550993368,67.1,45.43167559660931,58.760034115273356,60.2236189700378,61.00921269676735,51.28509617576381,57.878788324183546,57.37599661960837,64.56667297462097,52.448080492172245,62.565235241891266,65.30442436300014,49.32891798171042,64.89181554547768,61.2260853960535,62.61542703908025,59.12809443052547,62.967700340331554,65.27712647637287,52.04890668659878,63.848507092802755,52.09402020720924,51.26843142369182,53.782401597546055,54.5212373376507
2017-08-01,54.855899569617826,55.74181334800841,54.998089092949876,52.88738836256308,57.35326083295709,57.165585581456895,67.0,45.454358840643216,57.762377619259574,60.17467421123628,60.22322444386857,51.31152405533814,56.006053985284176,55.458976526358434,63.62121222842099,51.23761748433825,62.36714525076975,64.17080794293628,47.674542778809524,64.73838845729425,61.04069429456654,62.06997008980183,57.90990446580572,62.94702333692824,62.96481418446136,50.657032172241216,63.31213944386355,51.51575434711856,51.06232159726743,52.65535653429114,52.76669442631144
2017-09-01,56.42619723462432,57.262383465916486,56.65499116401774,53.55496470721358,58.10599360139635,56.33763062794698,66.4,45.46881525223679,59.446907793280694,60.04768724278683,58.648128555354,50.98687352261037,57.73000825031794,56.73756676666098,65.3999925263026,51.98532082645188,62.083730558138896,66.07309098960943,48.166365527894165,64.72170126528366,61.035404036272894,62.750290456380874,59.17664758078433,62.94255310355896,65.95229429249416,52.80312419734886,61.700042350918686,50.40918558645417,50.63890009446976,53.68871786862953,52.90002883320696
2017-10-01,56.79181113542088,58.32446083760508,57.27043368000649,53.762579673007096,58.87605526535002,56.21945990816553,67.3,45.46812709971442,60.009140899642155,60.025779753075355,59.5268449943739,52.622892612409984,58.33000872009948,57.51893634316931,65.39999544178566,51.58467334531798,62.001496363255285,66.68390300248396,47.82913731549431,64.7131821767138,61.069801511557415,63.07030606449896,59.16930134028479,62.941127572523364,66.40603753992146,54.062671518522095,68.00005382778265,50.609521766382464,50.48978405290306,53.8660534623316,52.99002641762522
2017-11-01,57.33555517797286,58.768683456727565,57.51775323395721,54.33545361721139,58.31679321042297,56.2476489403076,67.6,45.47044582871728,60.55473470859762,60.02474856295234,60.93939574803087,52.13462731155569,57.780006449708495,58.21718171632415,65.4679938822752,51.52187471552495,62.03524198150188,67.08037982191905,47.72707712198715,64.74725942434384,61.09972731505495,63.16031332586465,58.89663405329471,62.944716296798134,66.45912108335995,54.84322788836659,65.68996208546062,50.722760454131546,50.58227906962571,54.248070501419086,52.470027246071126
2017-12-01,57.425371909151224,58.95175568193824,57.60056575738473,54.3451356236683,58.47154448791467,56.40597181119993,68.2,45.461741370430104,60.638632328597495,60.047758620434244,60.91378851181081,51.68966302989788,56.47001684994036,58.73035166126864,65.45300352540268,51.72514358956873,62.09725084464657,67.09597023452268,47.567781313868736,64.80695126463976,61.12576276409781,63.7554984323046,58.93128509950368,62.95126913383015,66.53015482563362,54.94174140214757,65.46993938078617,50.7741599224334,50.81007627899041,53.98762927611344,52.090024344708745
2018-01-01,57.150532624786386,58.64110178741013,57.350262648207575,53.96065298335541,58.20754333335196,56.333881677279955,68.0,45.45412395672581,60.45756865639927,60.07384827561687,61.29482597913378,51.301040533021364,57.780006758071835,58.63511647426291,65.63300138737995,51.29974311872953,62.18271820105665,66.65552922198174,47.76930620415586,64.89746467611498,61.17441360476509,63.195497153485945,57.91488273846585,62.96375644249186,66.40039791388537,54.845472032059966,65.69995373358998,51.04265354492771,51.02564271623463,53.56899749170909,52.27002475391363
2018-02-01,57.47306754711713,59.77518871437329,57.55275965529198,54.06425033956629,58.701397553204934,56.67202309023197,68.4,45.43958271715855,60.89874915901714,60.12289434459219,61.81818909269683,51.11680121042645,58.18181835303381,59.01270830476962,66.33455166474359,51.924720252433815,62.32165610687702,67.02776406425245,48.37423146553592,64.98164214878693,61.16473983614563,63.65951922479503,58.57635929170027,62.97411887806694,67.6048961030533,54.88274956931003,66.86366222574291,51.32028401689867,51.6303599210914,53.88783561800556,53.045485669709834
2018-03-01,56.857449439180215,58.83400088900678,57.03814413805442,54.28308250632619,57.85013817662401,56.82181500865077,68.3,45.420186889986965,60.219360102953225,60.157978570808496,61.676366182443886,50.95193693202837,56.91817937742397,57.95849851933799,65.13455651118447,51.836400044168585,62.36897456870793,66.43885893220373,48.0469436868007,65.05292719837185,61.20832365744669,63.35951981774652,58.037354590539266,62.99237768928627,65.96026417910798,53.53982874485739,65.76366996761698,51.314401651998054,51.88100155581118,53.15783690285715,52.26366351406014
2018-04-01,56.178754372722075,58.53915135142764,56.87002685381618,53.12717760280227,57.62507095401986,56.884179755623,68.4,45.41498502108709,59.42796695899649,60.19565942797615,61.886728163855366,50.96299143766184,57.61817928222013,57.49840042356946,65.47273587657803,52.012213872589484,62.49324889202758,65.23431901182522,48.895832016666844,65.07022229448582,61.23324158197862,63.541345606589644,57.69573914864737,62.997453912393404,66.10843967399387,52.96799695838641,65.93632845309493,51.62922517291862,51.933360871254266,52.78310376335609,52.854572166775725
2018-05-01,56.19867404034252,58.34470814102932,56.68442527065372,52.35500369140994,57.810758675823294,56.95971684115494,67.5,45.40883517087622,59.026108361055414,60.2158330508571,61.310354857349374,51.01750340699962,57.22726279588301,57.80661716493333,65.57273585431506,52.843541663208306,62.51139658038289,65.52666260730703,49.78414088144374,65.0233067338718,61.2029201763214,63.02754430063581,58.540578668384995,62.99447937326947,66.56489917524492,52.82009695546406,65.59999160815197,51.91074987277223,51.61068208790239,53.23478917815505,54.00911614528374
2018-06-01,56.1234078516399,58.36107136758096,56.81485511586637,52.40364700283547,57.99429758837331,56.90381594675071,67.1,45.40074681916746,59.24076726921521,60.20319972882282,60.39362420007228,50.94447762338971,57.115145824017844,57.45938353747574,65.62121897123984,52.68827473792798,62.373459161717804,65.71027813947218,49.99968541060613,65.00067526250078,61.17654055339962,62.92450356988203,59.202295359750146,62.991534579536776,66.30291355949271,52.838388106938396,65.48481774998771,51.70463240966828,51.25398196922534,53.833621934100655,54.239427087605335
2018-07-01,55.936527320787384,57.50942998068742,55.9601529113116,52.1014513969599,57.49853356257694,56.86748036538796,67.0,45.40373935097578,58.737657486486285,60.1790717396699,60.462768470025296,51.16424777001007,56.87878832372165,56.281042550656224,64.46667297462096,52.27847042636421,62.275971104225775,65.33994816612056,49.20931187922729,64.93762799412572,61.062590281457666,62.8154270390804,58.95417005715548,62.981619233741405,65.47948233530833,52.05720583117918,65.04850709285124,51.61628901086448,51.450229902766196,53.85985696718014,53.2212373376507
2018-08-01,54.41307537248547,55.9451701586088,54.74237429430476,51.01673957366849,56.33155423596518,56.738862237502175,66.4,45.422701957466025,57.720896055624,60.1159088700831,59.96696896450885,51.494470782907754,55.906053985188386,54.78534811395082,63.421212228421,51.141922355157575,62.11005601650739,64.20526603196477,47.752386995272005,64.76699403453692,60.80745354486817,61.969970089801905,57.744851017262405,62.95980304140399,62.772861301631096,50.61908644512411,63.512139443828566,51.089565197713775,51.78012874554907,52.7274882428362,51.96669442631144
2018-09-01,55.915227215233884,57.32012900753066,56.370833513347634,52.48869489754047,57.53592323693047,55.815260454376414,65.5,45.437474937891366,59.403085492190534,59.98727251527977,58.8184391375781,51.17374250283898,57.13000825001876,56.47396141282937,64.7999925263026,51.981057349288434,61.88734649370113,66.10051533594498,48.44262894210156,64.72030445211934,60.793484584035305,62.45029045638091,58.959400546056536,62.95320501098995,65.55645523477317,52.800870329310676,61.800042350875366,49.93259129037678,51.26087209750748,53.77368562591824,52.90002883320696
2018-10-01,56.16482841777556,57.970488519193914,56.97811760583957,52.63880588148217,58.53631937947242,55.87991929534466,66.7,45.44910018851245,59.95507149059561,59.95578161466858,59.45645369815233,51.22578172718602,57.33000871963758,57.28904182686841,64.59999544178567,51.619430238978275,61.85549758977194,66.71950461841587,48.11442063230401,64.73288314047099,60.85933158811071,62.87030606449902,58.942123949713704,62.955672960880044,66.39812075880806,53.985755730680005,68.10005382773933,49.92313981616751,51.2340883746042,53.930472186901646,52.99002641762522
2018-11-01,56.71100090491561,58.824617851237065,57.229360320530034,53.95290255604387,58.143527908625394,56.20194754197403,67.6,45.45560918662733,60.50282807591294,59.96955035008183,60.32975879435331,51.03585192993323,58.08000644977542,58.32113129366275,64.76799388227518,51.55862541554504,61.94806299951071,67.14791338938669,48.017952778409644,64.77258132063803,60.89061848165632,63.46031332586481,58.696717949591125,62.965116231271246,67.0469627479406,54.97284946870993,66.58996208548406,50.20642926947894,51.439089489778354,54.29855666425203,52.17002724607113
2018-12-01,56.821027520669105,59.316841567169824,57.32305677309233,53.26708151877513,58.48117918399791,56.79626590228312,68.0,45.45605309476105,60.600801961220235,60.00276833607856,61.22041557802366,50.935605986048586,58.0700168505361,58.62020796261777,64.85300352540267,51.695483075752435,62.14389228959389,67.18847779497467,47.90012422085192,64.76050062819337,60.891838079041,63.355498432304614,58.74335892823241,62.969465068958534,67.227911659158,55.11191974544825,66.61993938083049,50.61056478133004,51.46589011427588,54.0276008540614,52.090024344708745
2019-01-01,56.537579231267685,58.83094644788152,57.07852875376176,53.38916214356602,58.163457028354415,56.86757283648402,67.7,45.457492563813446,60.40925150371713,60.01465760263542,61.46714545230828,50.582416609257415,58.78000675842351,58.477348935896984,64.43300138737993,51.254690195315916,62.272430600362924,66.7512615556577,47.7473588064862,64.77026558421984,60.86689912876567,63.39549715348608,57.78550770776937,62.97377041826895,66.31635305057618,54.96012362387599,65.69995373353831,50.52050099474433,51.436898463994496,53.59576992231861,52.37002475391363
2019-02-01,56.82527995901509,59.34590793767996,57.280743099787166,54.25450056089904,58.23791353765619,56.948922343714614,67.4,45.45791763817531,60.82436469244227,60.03007129853,61.553500908307896,50.770460789128215,58.38181835306006,58.7795575617376,64.53455166474359,51.808708285551404,62.31111739830122,67.10562442790187,48.13262407897798,64.77934699332447,60.87120224202613,62.75951922479493,58.41450926467069,62.97603271408626,66.72121520559018,54.905203422339284,65.66366222559108,50.77555570626847,51.860663139836916,53.90180487569679,52.545485669709834
2019-03-01,56.150962734007386,58.3227748852335,56.76984774810903,54.26252513246253,57.51576132869415,57.036799523414494,67.4,45.460338461793555,60.13595101504141,60.044868446588794,61.71372531790776,50.70825480762873,57.51817937761293,57.53091767011288,63.73455651118446,51.74652136032595,62.275227440590015,66.50538348496111,47.97314710713849,64.78079270379176,60.84894595056273,62.959519817746546,57.8349265668015,62.974272386945394,65.35459056103734,53.48391451995717,65.16366996751522,50.98564455145061,51.921971358308674,53.16538708281765,52.06366351406014
2019-04-01,55.32885147101476,57.4093138293411,56.59741342777053,53.58845989971824,57.16053876157562,56.74391969021942,67.0,45.47173507717562,59.29189423460116,60.03907370872524,61.054803861267715,50.63735620187412,57.01817928192096,56.66143742443352,63.57273587657804,51.80988770738824,62.17743877568971,65.28384782803579,48.432078137273884,64.71213721452634,60.82958297698957,62.34134560658949,57.37360248775953,62.97352966307594,64.33232620119304,52.650469867210234,64.53632845292641,51.07680763152994,51.82430396065286,52.77842743791778,52.75457216677572
2019-05-01,55.34426239978882,57.3731926294111,56.408537978867614,53.047934600666885,57.426847257676734,56.83354779864262,67.0,45.474017726403865,58.863478545635886,60.02151076037623,60.7591813514437,50.67476427544307,57.72726279603129,56.93624455533931,64.47273585431506,52.49226019427492,62.147274183822454,65.57770555900966,49.268613476217155,64.6272876095095,60.77373718998092,62.127544300635726,58.08909840676942,62.96679436644517,64.37337690523661,52.445198927947715,65.3999916080836,51.19953341838626,51.681610217965606,53.20625314247989,53.50911614528374
2019-06-01,55.24689325873603,57.56788330148952,56.5307266969967,53.31461762112615,57.74950276511857,56.6818060691177,66.6,45.45927754913983,59.06064264641246,59.98465032996118,60.200713473005294,50.84156849209116,57.415145824084775,56.73230841096644,64.32121897123984,52.2571886129962,62.00323757257264,65.74778980261135,49.75605841936546,64.57637747684383,60.712151355283396,60.724503569881655,58.75699272951161,62.96012642278072,64.103083113538,52.45972478354727,64.48481774985258,51.25766872705424,51.425701722060744,53.77294197949575,54.33942708760534
2019-07-01,54.922899041244804,56.71297218625041,55.66886577663085,52.8357046493934,57.37368820271703,56.6531739449265,66.5,45.45768477364843,58.54073784859562,59.957264316762725,60.52524971555186,51.17700773891019,57.278788323829254,55.67431724119677,63.36667297462097,51.96837126104243,61.93468718523529,65.36433447933783,49.32426314465963,64.52203105346476,60.51557167909655,60.315427039079964,58.526303742554354,62.95052515855291,63.57348572591452,51.60034200629099,64.14850709272446,51.38594479620851,51.722392964354015,53.76799741121338,53.2212373376507
2019-08-01,53.463673638101724,55.387012105498584,54.444000030972184,51.52126392757477,56.414883102436626,56.59956306420223,66.4,45.45410792591195,57.54785320324899,59.88697374409222,60.443837400443144,51.343295958960844,56.006053985173956,54.76518721850488,61.921212228420984,50.84135712829083,61.84379036374529,64.23492075577838,48.27965677984279,64.33148887972223,60.188547360814,59.269970089801426,57.35632866041722,62.92701990696738,61.75474136920974,50.155752193967835,63.91213944381028,50.98402080530804,51.668540060038254,52.58738447354844,51.96669442631144
2019-09-01,54.97027163694464,57.02988681993426,56.06444299264568,52.47527377925571,57.67642095883092,56.10971599173145,65.7,45.450566846652826,59.23696435391051,59.77549479432852,59.2453430901551,50.85033788839986,57.73000825020772,56.62348579196981,63.39999252630258,51.78105172738695,61.64934600190859,66.13828041804459,48.73153620853514,64.29428465814168,60.13803620390818,59.550290456380395,58.593500872035726,62.92274970789771,64.45809283586946,52.42203621582623,62.40004235087377,50.11865477176871,51.15438243362142,53.595784969709115,52.50002883320696
2019-10-01,55.32291884153236,58.2035625817941,56.670790990346326,53.3621558440953,58.60797321764164,56.24631539462544,66.7,45.438061178186295,59.80759519784679,59.768475002555384,59.670870081554284,50.90776017406789,58.53000872007061,57.730318285064506,63.59999544178567,51.40992268838939,61.623957181584124,66.77113674807403,48.59754313749424,64.31568473207176,60.146091497400114,59.9703060644985,58.6081322365759,62.92552221081873,65.49415351062756,53.813746734240866,69.10005382777113,50.31624488795578,51.350454162828,53.74590855037879,52.69002641762522
2019-11-01,55.88186319053429,58.897816363856876,56.91410697119279,54.06421203470398,57.9350713660917,56.47510500650654,67.4,45.42968056640443,60.36525083487409,59.793736002453166,60.924804528544,50.882975334032274,58.38000644984234,58.52853122901495,64.06799388227519,51.32358904938914,61.73888446071482,67.20699655515848,48.355488731628306,64.31458680082675,60.1530996027381,60.16031332586421,58.402805242024186,62.935266988710545,65.85288340269571,54.79664182172648,66.58996208543239,50.6305338704486,51.28425433118369,54.11352993682486,52.07002724607113
2019-12-01,56.05751220058209,59.30690479369743,57.00195595724676,53.76052792163725,58.12986634730572,56.798818254229246,67.9,45.411383760740385,60.47672780982293,59.849986562355035,61.688681584990405,50.93289100720485,58.17001685052167,58.770685932233334,64.15300352540267,51.46577594506925,61.9022741023933,67.24278846574958,48.29939651184678,64.32756572476887,60.13319665438215,60.155498432304036,58.52071574557537,62.94191431882344,65.93003007194362,55.09714324550998,66.41993938076213,51.11467904801851,51.42318242546287,53.84812492845704,52.190024344708746
2020-01-01,55.84278028998849,58.87377932573557,56.7536389460757,53.97142659321988,57.935287481641396,57.009231865249006,67.9,45.41626992313299,60.302140318375734,59.88398709986083,62.08603855474664,50.99432607554774,59.98000675885655,58.707073581616335,64.13300138737993,51.05306868397735,62.037887504986436,66.81294290631567,48.33690762690543,64.40963612403506,60.08988108931247,60.147221291416535,57.63758170702604,62.947495175635204,65.21239541857513,54.70756359893442,66.59995373356176,51.28442212409314,51.720982158259204,53.41867827448238,52.37002475391363
2020-02-01,56.112012922450994,59.51218103417838,56.95110219017622,54.50039129718951,58.26854706883254,56.936000712411854,67.8,45.41510722390166,60.72953795451453,59.9206276158664,62.290113494161325,50.92663107817176,58.98181835324902,58.99352814522573,64.33455166474359,51.63331120780668,62.11644662913874,67.18045533803347,48.536144347638185,64.42296159535262,60.03919654770185,60.062967500656534,58.332334383997484,62.95102022387886,66.01313605280095,54.69052740112603,66.76366222563122,51.23093970810613,51.88775000862516,53.72102597729565,52.545485669709834
2020-03-01,55.42088973073404,58.265236895473535,56.43450324759511,53.97268285213932,57.482384429594084,56.958400463067704,67.4,45.40595615166264,60.04891734663078,59.943802511231745,62.49153972295647,50.85150593019226,57.6181793775985,57.57848384435231,62.434556511184454,51.527142213542,62.14765070218515,66.5749694677979,48.10932967370894,64.12735428367795,59.60510099650061,59.81469223153908,57.87061267183368,62.919510021640065,64.26242897772796,53.256439901929646,65.66366996750529,51.250967192755354,51.5411400048301,52.975031551368545,51.963663514060144
2020-04-01,54.37648503803603,55.36339407458235,56.23942237226248,51.617249799911946,55.5265165430346,55.992960300994,63.6,45.396896590146014,59.076341912927,59.75405041078247,59.31203890303477,49.827659566248045,54.218179280726844,55.04079352632582,58.17273587657803,51.15096946025093,61.62955008281368,65.2463462314506,47.604511328546366,63.86643948382049,58.88943786695553,59.748242158313175,56.85300626018624,62.85031492142367,59.900482968365814,51.827116441898994,63.43632845278293,50.192186706856305,50.15903840270485,52.44678257241214,48.75457216677572
2020-05-01,53.90160894577811,51.941314356354916,56.018126833911566,48.6993448437219,53.55549592622081,54.8054241956461,59.5,45.37692762424455,58.340548316828674,59.40788839435117,55.53421361606217,48.48729786601099,48.927262792396455,52.14654192322795,54.37273585431504,51.257438788123075,60.67252656873536,65.25332901027787,47.34952205480264,63.43478871995306,58.59181094425131,59.586164990290456,56.40697372651077,62.80581177220943,56.34674003844227,50.71034851642177,61.09999160767303,48.97645256186798,48.10906150551472,52.650557622939424,47.809116145283745
2020-06-01,53.6640786155862,51.959306598931256,56.12421966348925,48.38492145959035,54.10911358607604,54.17352572716996,60.8,45.362158348002104,58.30262962675752,59.19157285857712,55.90197476562176,47.93821935682846,50.61514582126352,52.73214817387348,57.92121897123983,50.640738897271184,60.30319705205034,65.19614455032924,48.376221738086926,63.22935350955635,58.60587552149864,59.83484839746777,56.496723010869594,62.78475365448733,59.63055037503002,50.50510193373834,62.18481774960896,48.63528131892627,48.01707444308825,53.1469173255415,51.139427087605334
2020-07-01,53.464537715978466,53.02851230059966,55.26642381345873,48.39177783725263,55.27208972140534,54.49779172266047,63.7,45.35653676452208,57.69304534972687,59.12390994423403,59.21569116796761,49.03342890475792,53.37878832218768,53.47624192976274,61.56667297462097,50.22989607580395,60.43865355320178,64.7002385846231,48.69676440226762,63.1432987638874,58.56611170370382,59.677496004597174,56.165266390163744,62.763906117942454,62.406035070870324,49.87891258395502,64.24850709268114,49.234049736437655,49.10956168812942,53.14875349687776,52.5212373376507
2020-08-01,52.32556483210931,53.23109296480044,54.04758248743275,48.12822564461208,55.14706787696766,54.77856461972931,64.4,45.36997139687686,56.60606840433499,59.05095354646467,59.98549190878866,49.8537402566636,53.80605398422391,53.62609182213071,61.521212228420985,49.04943594991333,60.60208244915748,63.50074773790152,48.08060755955794,62.930267850415284,58.36251718222232,59.28376319324982,54.96661579031122,62.73526705676303,60.84939235590605,48.67753718499071,64.31213944379199,49.13717531287074,49.76535454535248,51.995717876642885,52.36669442631144
2020-09-01,53.97959262349154,55.47680886670816,55.674989624541965,49.89624195795318,56.93183519384174,54.646067002824054,63.5,45.3732716829081,58.208850946953056,58.90891540460608,58.95492216807603,49.77237999763097,54.93000824901361,56.035110955673865,62.39999252630258,50.056010025245364,60.635728432800704,65.33313259071228,48.532125691959706,62.87214910088622,58.419389948533414,60.61580769776003,56.11855354634708,62.7259143861954,63.45998585537538,51.12055345820752,62.8000423508555,48.66239447213823,49.516598545397386,53.00686837071073,52.100028833206956
2020-10-01,54.331400939290006,57.01196204600494,56.28323215592231,50.30110770590024,57.83623447749717,55.11994355183563,65.2,45.374538966079015,58.70860632716762,58.908558788421836,59.82922275882661,49.96273259817585,55.630008718835825,57.082782112005304,62.59999544178567,49.78279941986912,60.71465459922458,65.900143355573,47.9799086172154,62.86009866382419,58.494869255224074,59.98754744380894,56.09417858997172,62.72065524233344,64.29819137073588,52.557486390262575,69.2000538277278,48.81830007521814,49.59729518542254,53.14465944935036,51.890026417625215
2020-11-01,54.86258189949374,57.99018408522809,56.528423725114976,50.771414595882455,56.90448460861802,55.32296330869316,65.6,45.36879357641823,59.17822151902209,58.90821643688496,60.330227965589316,50.10930410059541,54.98000644840416,58.012189227677055,62.66799388227519,49.69164886972786,60.848163317356395,66.263132964417,47.78255532905582,62.8348917573565,58.573536252044946,59.82927884310562,55.794526033014996,62.715448689910104,64.45696415956175,53.65382052935314,66.08996208533898,49.073993053404884,49.64248530383662,53.506318308827275,52.27002724607113
2020-12-01,54.940966225735146,58.21093600868912,56.6121295436289,50.37863338147337,57.55526710099415,55.59492615065055,65.9,45.36310564065405,59.19317966660499,58.91188777940956,60.70057978795626,50.19916415745847,55.170016849246196,58.369005191604465,62.35300352540266,49.871029246691165,61.06097555340581,66.24024078272369,47.41217780224978,62.81844933434155,58.667976539279096,59.576188087476424,55.87743004164892,62.718294203011006,64.62811168677037,53.82574514694353,66.9199393807522,49.16853506791747,49.84379177014851,53.22012964929939,51.79002434470875
2021-01-01,54.70072345287772,57.87187555749727,56.36171079659465,50.0227467052749,57.34824186602249,55.56170199792285,66.1,45.35047458424751,58.92993410088648,58.919412268233174,61.15520292578469,50.17635640124303,56.08000675721497,58.253283633520695,60.98300138737995,49.46003163121316,61.28860970932682,65.75347165379446,47.55883202695362,62.61415788093765,58.43813958917281,59.567910946588924,54.87949028756154,62.7091112609809,64.20635705064147,53.836875215190176,66.49995373350173,49.3516598982214,49.824523391283165,52.779522853699454,51.470024753913634
2021-02-01,54.80274120068013,56.111191074287625,56.52909332218784,49.626643760972435,56.2541538048669,54.280106298649855,64.6,45.329969838405034,59.188219985724785,58.83863577750384,59.16932102402464,49.37679442895713,54.18181835124133,56.92524686962046,59.934551664743594,49.91791691717921,61.086546058741256,65.9817682230531,47.36973747566547,62.62016682927201,58.55018144258035,59.483657155828915,55.245213934863756,62.70602014837109,61.289015284201824,53.380442274923915,64.6636622254043,48.7276785277372,48.93373309911858,52.98704521913621,50.34548566970983
2021-03-01,54.22945246392245,56.11272211587532,56.013714468280206,49.43164675639765,56.45504386497161,54.9170690941224,66.1,45.315670140020984,58.457252096592455,58.85309034640368,60.81426235840863,49.750131710297,55.61817937672982,56.50039164481767,61.83455651118445,49.90579918596068,61.32683322875524,65.33424296612445,47.652157413082435,62.59775515122297,58.63465785504491,59.235381886711465,54.85394667641629,62.69895994688738,62.893946562027324,52.00786754459382,66.66366996753707,49.21265175469341,49.27089053550641,52.21807021595389,51.56366351406014
2021-04-01,53.49927712523738,55.732086389111856,55.835841480737244,49.28685922529377,56.52157285507714,55.22609491117955,65.7,45.303513438620776,57.56434327289003,58.846966732547536,60.60999182544302,49.96860141692869,54.418179280753094,56.23009019254472,61.372735876578034,50.05137224827118,61.424271579866854,64.06984152462391,48.30906452695846,62.555912290637366,58.73415233388907,59.168931813485564,54.63034018403444,62.69297034741851,63.009113320939655,51.29082993813961,65.73632845292323,49.353982745832326,49.371698699883595,51.80253007705992,52.15457216677572
2021-05-01,53.625349745131444,56.02103436084444,55.64958175130554,49.091022216247254,56.85597464536251,55.6019616922667,65.8,45.29047830423457,57.09702962239323,58.84108806324563,60.08349713890505,50.1828230910351,54.727262794700714,56.839511356351565,62.17273585431504,50.82262630031189,61.50514541128949,64.32211944469944,49.34434503782928,62.481998430292755,58.79471253048349,59.006854645462845,55.6150275796789,62.682040643944326,64.24891264768408,51.12450498829593,66.7999916080971,49.68632774954095,49.47215127193482,52.232632702447766,53.709116145283744
2021-06-01,53.64668274299782,56.52876100208936,55.783360031717,49.85517756196951,57.16435773283832,55.60127509997335,65.4,45.28057352119222,57.26885168009963,58.8314445407158,59.63922399861677,50.41677378009703,55.115145823038944,56.845843807442236,62.22121897123983,50.613978917110515,61.50427069137027,64.45787127187546,50.10701198756788,62.441258540172264,58.89939990152063,59.25553805264016,56.543810401787916,62.67422023750488,64.19859382849926,51.33713493487351,65.78481774985775,49.922292702174076,49.9684047122835,52.82253015266459,53.639427087605334
2021-07-01,53.55670747192319,56.172628590545116,54.93097277800531,50.304823815646415,56.928264236254094,55.84582881498268,65.2,45.27076778598029,56.73661852093529,58.83018675908716,60.71872839951587,50.734915810674714,55.67878832306818,55.939678877540445,61.26667297462097,50.3280766849785,61.588544673837326,64.05611350458446,49.997854356947805,62.382370442360205,58.87347791432295,59.09818565976956,56.59070329420937,62.660478035129834,63.31079594022873,50.721140634924474,66.0485070927797,50.17682781854359,50.37830663887877,52.86709793918716,53.2212373376507
2021-08-01,52.18443931001893,54.81803343563223,53.71548596233523,49.86366185231891,55.89371687954053,55.82978872973874,65.1,45.275060108120485,55.70389864869506,58.788979288723674,60.511554939830546,51.00288517421953,54.40605398441288,54.88990718758644,59.62121222842099,49.13659946291212,61.55649207928498,62.896946410259275,48.73528333145697,62.145604511395,58.72092578546096,58.7044528484222,55.54500026585362,62.63487325477853,61.90628757362357,49.498431028317135,64.9121394437904,49.86454775116595,50.607851717772114,51.692511985683005,51.86669442631144
2021-09-01,53.815168398389275,56.30201791167704,55.34221406469358,51.87444059636126,57.165626185153904,55.43436267433018,64.4,45.26530950703928,57.334767981538725,58.65742011717472,59.33404422894069,50.72622158414904,56.13000824944665,56.68210417743816,61.29999252630259,50.109384545038594,61.41088842580653,64.76544530291531,49.39402467053777,62.01641219559735,58.835205433351035,60.03649735293243,56.7955318848446,62.62952452223075,66.70532376065472,51.86331322503309,63.50004235086225,49.20782890332782,49.944396961952386,52.71875865647964,52.20002883320696
2021-10-01,54.235774894446934,55.13707074919461,55.95478435167108,52.46068092981919,58.15146788306637,55.91233573831462,66.2,45.25265641196888,57.88548668036983,58.65912331248773,60.15691548012924,50.789190619794766,57.63000871959429,56.77358321194877,62.29999544178567,49.86129159923736,61.47703739341942,65.37948668641114,48.89428598393653,61.88926334190553,58.9736287270154,59.40823709898133,56.95391952783649,62.628229277008444,64.3826981289076,53.23383219207112,70.40005382777629,49.43755852136275,50.05686229869334,52.87419302654621,52.19002641762522
2021-11-01,54.87456219868657,54.4232406105176,56.20526039890562,52.86237133354432,57.06525364545831,56.3280182299045,66.2,45.244129847849194,58.42002665809621,58.68075837998822,60.899920418045234,50.76867677724197,57.580006449406696,56.958294316078884,62.16799388227519,49.7697689284603,61.53194103653812,65.79409599533587,48.501469296423444,61.79901490797214,59.0940569925034,59.24996849827801,56.91109805835828,62.63194698423836,64.01765429464899,54.18371446087193,67.68996208542087,49.571666550167556,50.163842887268274,53.22596587870726,51.87002724607113
2021-12-01,55.059868298000644,54.052125401456635,56.29419785068171,53.07547872197667,57.3922593097827,56.52821184943792,66.5,45.227688549370704,58.47331260011613,58.72952804478869,61.419972146315835,50.430881118476314,57.57001685016738,56.616817440295904,61.633003525402664,49.78839185839813,61.42451106032664,65.80627492271138,48.14290446202039,61.701083864414095,59.185829583477954,58.996877742648806,57.05201342393065,62.63562751439598,63.521725489214674,54.3661549887475,67.61993938075894,49.75388325061897,50.839752016870236,52.96318779208297,52.090024344708745
2022-01-01,54.862924338639246,53.213294040902944,56.045958420565526,52.72094854939287,57.21610789250465,56.41333770213465,66.9,45.220411663876995,58.24686171705707,58.76034692299714,61.73199025121054,50.07877846122676,59.080006758380215,56.354612533262525,61.59300138737994,49.251362895114276,61.352344180071114,65.34452476947537,48.08788255600917,61.58900799390511,59.200671737625825,58.988600601761306,56.10512366389793,62.63327123925202,63.214029326463894,54.2962235806651,67.39995373352518,49.709257107939465,51.04226112944733,52.54828925219953,51.570024753913636
2022-02-01,55.20234400672324,53.208728685929884,56.24249846993033,52.798618812175974,57.362765478372815,56.19866950638752,66.4,45.20720754723823,58.60847049724868,58.76993304607725,61.38619658792369,49.7846594151446,57.88181835269134,56.6234428810705,61.87455166474359,49.718115581484334,61.156445669459025,65.66908974537307,48.15374880368606,61.50577743433176,59.26558441173447,58.904346811001304,56.803771306157365,62.6339385268595,63.856368730459046,53.96588838561699,67.663662225603,49.50357254663702,51.1556662324905,52.84974862568129,51.84548566970983
2022-03-01,54.59309101742169,52.15544167351047,55.729985564545764,52.74467253564416,56.67743581845962,56.12913517915188,66.6,45.18713547176585,57.88669258765539,58.80313572423416,61.590168805773295,49.69618774966135,57.5181793774476,55.85882948448481,60.854556511184455,49.54278088052315,61.07884990565099,65.03994484279016,48.100244436455554,61.49137301392854,59.37405843820899,58.656071541883854,56.50147716319497,62.63959914159091,62.32789363084184,52.535496738694974,66.96366996751047,49.58953650811228,51.48317309019468,52.13289252030262,52.06366351406014
2022-04-01,53.94718820892175,52.330300558825456,55.56594986604437,52.42228391950813,56.781992751356015,56.67893786644872,66.9,45.17826411704819,57.05660614431049,58.85501029526479,61.85655908202065,49.81206456723924,58.51817928236581,55.82255597718822,60.77273587657803,49.62890419763657,61.08244542169032,63.82337234505454,48.73887848145056,61.39397690295355,59.39043084124182,58.58962146865795,56.18816701240863,62.634203150175,62.50779226222291,51.94931475312986,68.03632845306352,50.056570920759725,51.97457693050903,51.785907712278195,52.65457216677572
2022-05-01,53.879948831284224,52.188105728673776,55.3793890527604,52.21121429200161,56.89078879246473,56.61630961319166,66.4,45.1814814758777,56.58560197895688,58.860809883454195,60.909795678707226,49.855289716774216,57.927262795947314,56.064970275133895,60.57273585431504,50.35671062932504,60.96642970000297,64.08604434048378,49.686829689614854,61.2893985197468,59.404674831880385,58.42754430063523,57.15391518865322,62.62686111867325,62.08288622596438,51.83421708104625,66.99999160806212,50.18516535373941,51.80976308108506,52.267509008609494,53.809116145283745
2022-06-01,53.941367911396874,52.23163811295638,55.51586926015545,52.83768704519339,57.231112947860446,56.470601248574575,66.0,45.17666666111893,56.737881142400745,58.85437748811602,60.44842848754753,50.04957308191615,57.815145824082165,56.26980949926984,60.621218971239834,50.17647769870599,60.85313665100246,64.23787842079797,50.547352471676504,61.19914062336453,59.41706710373593,58.22450356988142,58.00603149767788,62.622592507486516,61.999273299510435,51.92539021370637,66.2848177498478,50.45046740115498,51.45346732540764,52.90736016964147,54.53942708760533
2022-07-01,53.86087097516633,51.68212468770308,54.664156914159605,52.43485422110832,56.815309395915385,56.37589081157347,65.9,45.179899994507736,56.17488680474434,58.85220238859137,60.80694997064163,50.40617127307544,57.578788323785965,55.50994275269935,59.96667297462097,49.81416656935361,60.84410342033204,63.83072043902162,50.23286545709437,61.10820077972901,59.33684838025026,58.51542703907988,57.925457858562744,62.61336658241165,60.98340952905974,51.296157621933155,65.84850709271133,50.58083185482004,51.20994170222828,52.97938305565473,54.2212373376507
2022-08-01,52.39822809797021,51.12297140581627,53.44533825712761,51.59377918346561,55.689109910967794,56.24432902752275,65.6,45.18610099456266,55.13263620115174,58.79811429304771,60.347432489724575,50.542751880268085,56.70605398529337,54.74093120891111,59.62121222842099,48.67777812115948,60.7856058388756,62.672315136652635,48.424990213548085,61.10820077972901,59.33684838025026,58.66997008980161,56.79158428245089,62.61336658241165,61.212939845254965,49.972195467270126,65.7121394438055,50.238390616922224,51.16156735324784,51.84042854865655,52.86669442631144
